Reference;MedianPitch;Phi;Phi1;Phi2;Phi3;Phi4;Phi5;ArtRate;Int0;Int1;Int2;Int3;Int4;Int5;Duration;Corpus;Gender
p234;183.185252668001;544.297723607863;493.702772046749;525.681957776993;537.117647165842;513.010675540178;505.006252886439;4.68679373210789;62.197657945897;68.4489117470517;59.4126730220222;54.2150206946179;47.0116497400177;43.6476621399112;1201.426125;VoicePrivacy2020;f
p237;83.3216205199272;536.055729373957;441.946214931447;493.821379972567;473.657134423345;509.026494932648;492.189694230223;3.82834451516715;67.2381597058991;66.2666704537138;51.7381599278835;44.7057878038888;43.7359546717087;46.3507757548755;1193.1064375;VoicePrivacy2020;m
p238;205.987072035233;581.193767509271;506.647016365545;583.421090350134;505.422035129175;545.665642046507;529.536184940254;4.20441317151321;65.4067523189051;67.5002958759579;56.4045628012515;50.8296020305445;45.6134420399141;42.6375443180167;1734.2388125;VoicePrivacy2020;f
p241;115.093734444384;534.674475090876;462.533419694026;528.414650359339;515.401034588844;520.638756836824;486.11263364777;4.46378495044156;64.0504107046433;68.2073483360155;56.1528558312444;49.3489002156997;48.9840924858856;43.5912406673813;1130.6664375;VoicePrivacy2020;m
p245;90.4697372174432;533.666761629867;469.835025701553;529.911073248717;520.751560156806;492.095703228693;519.419603274842;3.81758601856909;66.1406535958361;67.0201302545825;56.7929582607331;48.7026108803812;44.7221599613988;45.7309177475525;1254.98575;VoicePrivacy2020;m
p246;101.646331225677;532.386337669982;475.733033085994;520.658186689241;500.42360074133;519.208446950346;482.727100392441;3.93249813833282;65.7703189284074;67.6693643543923;52.3119769199177;46.8311473430685;43.6017083432542;38.6968591096522;1284.69625;VoicePrivacy2020;m
p247;136.566646995906;527.983070193995;493.137776842724;501.259955962695;506.221235932866;498.891730985821;543.427290737476;4.61883376306917;61.9617212105334;68.5420071366819;58.8645559658304;50.969182869853;46.6470086855927;41.5027653996292;1543.943;VoicePrivacy2020;m
p249;174.667727285295;562.896709181371;494.016841734913;557.017336186344;516.863622642947;526.930354239117;526.243281350221;4.17283341555667;64.9840638638548;68.0168156695269;53.7794265906796;47.4543688297832;47.1568430809095;43.3342970878696;1145.403375;VoicePrivacy2020;f
p252;120.101508442875;530.218114838241;471.704165015055;534.347851125825;518.647571243116;502.988561616684;479.026945998864;4.64420469284282;64.5098702435529;67.5136513959193;57.8410256382463;53.7486340783794;50.8616727921223;47.0634277077538;1348.529125;VoicePrivacy2020;m
p253;226.597728794889;547.85428556676;485.870861357253;541.780607719717;515.870572783474;511.388545525417;528.096694911734;4.40450458239667;63.7631541404869;68.173207522695;56.1845539505905;49.8969922416985;44.3068221221609;43.3698156876435;1147.6345625;VoicePrivacy2020;f
p255;145.441100459259;536.046126892677;466.586015575167;527.243041770254;522.229781197608;496.184436938641;541.760675159573;4.58173517399879;64.9951578649176;67.7983312185101;56.1944655512822;49.8737386297163;43.6794917937746;40.6506822885803;1298.9239375;VoicePrivacy2020;m
p260;108.552762679039;522.186198473807;466.277938796672;504.247392161564;514.76232687383;483.819675105539;503.069698333316;4.8982640865111;62.7389676008522;68.473700174159;57.5471370501962;51.7134805502074;47.7386370294221;44.0291954248213;1093.8731875;VoicePrivacy2020;m
p261;250.50557160488;593.47349593611;556.822301660115;609.530895535445;524.326620831058;543.456721190862;527.929741538302;4.67343236945238;61.2308930342147;68.8703550031992;57.9551253428273;49.741727967383;42.4456282764708;37.7824551521143;1435.701875;VoicePrivacy2020;f
p262;160.973024645183;556.031959656854;510.702285540702;543.513061134511;515.542207892655;514.536404712497;493.379407223811;4.26243611336973;64.2554387747926;68.0472306979661;57.2709353536523;51.495446166328;45.0467660473761;42.934538752832;1376.05725;VoicePrivacy2020;f
p263;106.777540122074;512.654076970208;427.029054209208;471.006319765095;493.130859697924;471.923982295106;557.478478722406;4.52908995400443;63.7787752711693;68.4334459434626;54.7402924280942;49.9601725339708;43.0593986150717;37.1008277791058;1469.8108125;VoicePrivacy2020;m
p264;199.218003100663;585.214179772522;469.560156748272;573.068760706704;558.981299073595;561.300838742902;525.002627986896;4.53622735790131;64.9840670846286;67.9893151328572;53.6330860778598;48.9127367676555;47.3240170635566;46.7884590056593;1788.1385625;VoicePrivacy2020;f
p265;195.721277109809;580.253924977419;520.02990031254;580.513900788283;510.491137638521;521.725777557613;513.508841652236;4.07165894398829;62.7396030517314;68.903896817205;52.5680512965486;45.9573108690721;43.1353809521832;40.1982744444166;1354.771625;VoicePrivacy2020;f
p266;183.0825629595;572.804760964755;562.003473706699;572.924727520779;463.13313169033;535.980262038593;498.458224086981;4.5120475427021;63.850215947509;68.6607993445499;51.3086991522043;43.4194878567867;43.2698804520556;39.3469565057278;1240.9;VoicePrivacy2020;f
p271;116.392691914489;525.196513247199;457.243925824539;523.390427167088;502.325113320103;485.002321419813;477.75889311287;4.26193568373269;64.6507043257827;67.9140162798416;56.1983731074959;49.5588949734117;44.3917035359073;48.1495577374402;1556.0290625;VoicePrivacy2020;m
p272;119.633726285139;540.030468543514;425.605973813842;525.931518915042;505.018026204544;529.887201675614;521.914134749672;4.50215872168069;65.0485643163345;67.7850850723972;54.6608312295698;47.452587132659;47.1336092251928;46.1072050928978;1337.7974375;VoicePrivacy2020;m
p275;107.915181099628;531.196727450235;440.652930346128;532.956803483683;507.600315145932;496.330617353173;482.617524705802;4.28794138581995;65.3203173982139;67.7620592183309;53.7533215233739;48.4542913689011;48.345123056409;46.4133884227614;1278.0648125;VoicePrivacy2020;m
p276;225.975499714472;576.725812149109;520.221294986674;558.563161807695;528.6641286567;547.910062331158;543.696141829273;4.37285696791574;65.9635854551073;67.0507342794103;54.6970904849354;49.2823991939443;44.3198261148503;43.8307341643622;1608.5595;VoicePrivacy2020;f
p277;197.186727253659;574.392813382326;516.860732339451;562.060256629577;542.662945085519;515.486801144237;508.445934974647;4.42575876588677;63.2166944186797;68.7549056778793;53.7446709694958;46.4773672193648;44.4875426825371;41.9661458528171;1479.79175;VoicePrivacy2020;f
p281;92.9302923035005;528.177918207773;456.737357991428;503.174977826652;479.932156962033;514.714140802401;499.492835496958;3.8267910828748;67.1850972154575;66.2666672829336;54.9350163809734;46.8963061819206;42.3266725578126;37.9898712718143;1491.7000625;VoicePrivacy2020;m
p282;189.007824515658;551.777583315674;511.194844891695;533.937327190605;501.116745644041;535.585325521253;494.103229693337;4.56652309970053;61.872678842129;68.7479794658843;58.6804137084188;50.9694961960072;42.7625572855581;35.4220543165614;1253.66125;VoicePrivacy2020;f
p283;208.386318475991;576.113419228893;518.304859748906;575.833231296254;514.489200803621;557.097775739195;512.310430408077;4.29807566244701;66.0250273170338;67.2285100456302;54.3465293967804;49.6546714581876;48.0643177828545;47.5585373026607;1409.23125;VoicePrivacy2020;f
p284;97.7048055216459;538.775878192991;463.37814414809;516.052967137061;514.276232066445;513.833125572375;507.928447214495;4.59549465467504;64.1121382408942;68.2411087540874;56.1394726884793;48.1403895942962;44.6990503890373;45.6540745279133;1279.8301875;VoicePrivacy2020;m
p285;118.299835298648;535.603117545873;502.652412657696;530.625218379736;492.992657091404;528.844555382457;506.81567896648;4.34916483887294;64.0624888494701;67.7478589808415;59.0717599861961;51.222535605361;48.1664935985856;49.8733298473019;1149.495875;VoicePrivacy2020;m
p288;191.349297429711;557.949579970026;514.988151025718;546.452231496249;517.700402973435;537.825126536824;521.61587812111;4.96393667581497;62.5956866002251;68.4443172207046;59.4590360990317;49.7518368077031;44.2966791355554;40.5269822497698;1374.8163125;VoicePrivacy2020;f
p293;185.073876818977;566.860217428215;537.299867739882;553.078511981806;477.21906082317;535.215492910394;512.212798629903;4.27100099046676;61.0377418221993;69.2788201827153;52.8872854305642;44.6666632266625;36.2488752438937;30.508825345101;1718.6601875;VoicePrivacy2020;f
Libri1272;118.425227355765;560.170324159068;477.822296159673;526.219812489463;504.76128912977;558.636185340975;560.007252687231;3.53282981996762;67.5839113709486;65.0461016796739;51.7026267527665;45.246278400567;49.8202704254204;50.192411085837;418.029875;Libri_dev;m
Libri1462;191.686338067995;566.775008735356;519.289340504222;535.382227960523;465.401925061834;522.469406003762;534.684909572229;4.02018426475937;66.8826988665157;66.6760627595927;53.6075851031018;44.4848718343778;42.4889733615385;40.8249299376817;384.0100625;Libri_dev;f
Libri1673;200.468340820683;546.783665627857;513.962016405677;530.58857298661;487.002506121352;520.496178787732;508.002851076783;5.33310802868227;55.2061440174303;69.1080610521787;60.740984015586;51.4536431858637;46.5743595364708;42.3943537107488;271.705;Libri_dev;f
Libri174;138.31566962066;551.59584516378;523.826598017648;525.546586427307;544.997956618214;535.418136259147;499.939699846574;4.33139209317953;62.5558167236977;67.9840197072668;60.7574448035184;52.1538416168557;49.8345082928053;47.9387808783835;367.495125;Libri_dev;m
Libri1919;188.090091721772;563.853473034053;495.448441874128;570.571756841733;512.088843149545;549.036028515282;533.7894930893;3.84546315342671;66.4616312118028;65.5666165473118;59.0181209174812;56.1479054137057;52.4889916970491;50.9946331167402;490.22;Libri_dev;f
Libri1988;176.979690006792;543.98781720606;503.917946737418;515.649225389751;504.807570740461;523.974155803628;495.786851571836;4.49363188167625;62.5565319928943;68.3580228960022;59.6582394231229;51.450167786796;47.0961348930461;43.6062816097362;404.46;Libri_dev;f
Libri1993;213.61968167461;562.043159911191;476.024749929593;587.394216897983;571.256243932379;526.285763576727;516.454457336544;3.7433521038636;68.3971050237301;62.9172914595293;54.5823344893887;54.573535153809;50.4788406528147;48.1578602983331;267.27;Libri_dev;f
Libri2035;243.739448412784;566.524569350748;543.356861079784;562.502495635383;481.168220698389;520.206743120011;526.852473493396;4.48084054388133;60.4346096277676;68.6985898125455;59.9697372883095;50.6036337424851;45.8304823876719;40.6480368143631;475.5000625;Libri_dev;f
Libri2078;147.996166202521;538.852605754158;470.475521936801;541.065305065376;548.322035241176;508.649667882876;496.495669207109;3.09628237259816;65.9541281591609;66.7600361992747;56.6280451453056;50.602219736617;52.7934477261617;51.3890305978309;481.7549375;Libri_dev;m
Libri2086;135.858497223634;528.438182931922;478.651379211509;535.905521581477;515.878754488984;506.456255235797;469.618297574965;5.12831335113507;62.9417958487147;68.4088013698193;56.8778462907341;52.7731865363902;48.3346109343681;36.2888694519672;424.6549375;Libri_dev;m
Libri2277;196.628173464989;560.553568998129;553.468047303703;547.909510169295;510.455652078477;499.782370746526;498.505065910465;4.77603433246161;60.1020208829911;68.9278668888323;57.8868462026727;54.5833351123334;47.0963524831706;37.4349854951874;433.2050625;Libri_dev;f
Libri2412;215.105125449;566.129549018771;538.457381631494;592.01126010951;559.608377235223;525.559832072226;510.739868154383;4.81003453917469;61.2826530506535;67.4809819540203;63.1020570819981;57.5676544284893;51.7134876833584;43.5940656582769;424.2350625;Libri_dev;f
Libri2428;146.696512512085;523.522496417845;474.123715522942;525.54414011018;531.695283829041;481.33765802457;458.337950402871;4.31074298734489;62.18896198459;67.4488036068614;62.9819752749556;55.1968057201028;52.6894405451593;38.1106016875757;338.995;Libri_dev;m
Libri251;129.337421647636;534.517721620049;514.65596227874;535.471325972789;506.002438082801;508.124601758238;545.649217451373;3.43498181558867;65.2065549863085;67.1732490897501;57.9693134025727;49.8749079833625;52.5337259559279;47.1494680082334;412.2550625;Libri_dev;m
Libri2803;110.153231728282;522.855958877673;472.388064931713;491.506181442516;441.813244555867;508.373947083761;548.746115017013;3.67433138210243;64.4004769945648;68.1519989490212;56.6684427691392;44.9468760311953;35.8406325205843;31.439179390398;482.6249375;Libri_dev;m
Libri2902;141.96416338689;539.311919493707;538.368002903726;530.671560640095;470.718233570797;529.212081405426;549.515608256389;5.09580872988307;55.1546146466988;69.5766298509408;55.1410150216938;47.196973129277;44.9198974820492;43.4646630740971;240.465;Libri_dev;m
Libri3000;103.644729191796;516.955556250464;433.779873953394;498.778179504129;499.521196491367;466.454402175776;534.372543524578;3.50965259276315;67.7588198124562;65.0531098495744;53.7826715544716;48.462227374409;42.2546509570985;46.5807474046581;482.0700625;Libri_dev;m
Libri3081;232.747487520751;554.166677968728;519.308801392051;533.143021049034;554.570247085866;530.779839591476;564.82363950323;3.37646124162978;64.3999875615339;66.075107916361;58.3611805530458;53.7959031374382;49.5284891245897;51.9549199246247;480.215125;Libri_dev;f
Libri3170;129.614738727053;552.858068799964;488.150863109667;536.438580170696;528.96667951836;532.173009696177;539.139163048452;4.26757393913416;63.5821768913058;68.3550932836821;54.5042765827681;46.9132047148358;48.2914542961664;49.9531478686515;485.8;Libri_dev;m
Libri3536;230.598724249905;576.732590366686;545.95909031245;552.393910713795;476.720332927117;562.571264012993;530.068210035022;5.13698630136987;61.9730913934499;67.3190074753577;63.2479693616844;50.9986609506277;47.4075613421538;46.45498361811;284.8800625;Libri_dev;f
Libri3576;174.991183065793;577.386069459905;474.287507409206;561.224142952739;468.85242669389;503.461605278582;537.110372189493;3.61755772463213;67.6699368023863;65.3041704074853;53.6869545621538;47.0035237309072;40.7553502613188;46.674547479914;480.105;Libri_dev;f
Libri3752;104.044809577845;550.756764258734;479.107286414514;522.925566225451;499.382092466365;533.799304701698;505.69373718923;3.72513781287247;67.5596504000287;65.6819256629013;51.5544696725037;45.081290702244;48.5518642352441;50.4943654677752;422.2050625;Libri_dev;m
Libri3853;210.469576489927;561.435208135209;541.86706984612;561.538695430089;548.638394379806;552.052024250256;511.681316698755;3.94388196791091;59.3073756637857;68.9861072047505;58.8959866051765;51.4994540209107;50.3588280820081;43.8078605920644;482.8750625;Libri_dev;f
Libri422;124.96034331283;556.326886951742;421.405654382129;544.891393701613;510.059217224756;549.603018942259;553.379682270589;3.60731649293514;65.4783479856239;66.8257442029942;54.4622697790339;49.0142566987514;52.8553865151004;56.3652951727171;503.02;Libri_dev;m
Libri5338;202.351562596467;562.794069041941;525.885538912217;551.026175590331;448.701984356649;553.405692249593;508.229754192757;4.04510461902882;62.4659380105909;67.3571157422728;62.5803128151679;49.5635483294946;49.3064560524352;47.7414985712743;384.16;Libri_dev;f
Libri5536;114.175957340233;537.708988580568;484.368367299529;534.853443375845;508.096010988463;491.655555355195;498.100967194861;3.55382733310032;64.3199912741866;68.3005637361604;50.3786805754656;48.1529956036371;44.1535940464776;40.4093570186521;386.73;Libri_dev;m
Libri5694;129.194659168805;529.887222691104;470.11464158159;499.170098683107;496.849664529553;507.221774488771;471.534801822161;3.66723370845328;64.8832813902989;67.7339237176881;56.852972663215;49.1202281712307;50.927207103542;42.6969668902599;396.49;Libri_dev;m
Libri5895;199.448085593617;567.592443905288;561.644722168321;588.699766470132;554.871320684815;572.715112671125;518.044393262079;4.22366005543357;55.496541630791;66.6509723111207;64.8112649669591;60.7198994021867;54.648837547374;48.8116390196142;423.7500625;Libri_dev;f
Libri6241;124.526512862813;544.60360092712;500.906149602992;517.502874423541;530.826605692209;517.415988517203;524.289997347833;3.95083802918654;64.4250776520103;67.6185642863353;59.21754837264;51.7157724916308;48.467857467351;48.0714663593458;399.2500625;Libri_dev;m
Libri6295;110.933760651917;528.116964010398;452.360102615518;486.35341969047;500.20596488338;497.246819675349;535.289361020771;3.47687963289799;66.8882618495758;65.1816971137975;60.9892508585454;47.5508027383437;45.860117028821;47.0312586080225;323.42;Libri_dev;m
Libri6313;196.603233499951;539.784683399908;600.806824024903;556.533278197173;521.35512349993;503.783076151022;496.447756567528;4.5419958218619;46.3635449034114;67.5854777094686;64.8276236342585;57.7505244118291;50.9604148381449;43.9771502649456;432.18;Libri_dev;f
Libri6319;192.576191119811;559.873086984394;523.41590971944;548.304074043687;498.043249608418;506.350862197366;513.332324744743;3.90791869081799;63.3951125176447;68.3508225990637;56.2055259532167;49.5218351911943;47.0147981466995;46.0721753514758;367.2849375;Libri_dev;f
Libri6345;215.267158918894;554.452762190587;541.043181196409;532.06083381936;474.438490948465;469.583147638913;493.460487727487;4.79929028552675;56.6745039264742;69.4785080170717;55.4456687206626;51.0493385895536;45.7205917551774;42.044068165087;385.725;Libri_dev;f
Libri652;99.0060871525569;549.813379892107;515.87150467377;523.646051030378;471.311917261492;518.959850431604;552.753593582025;3.65940150082362;65.0634199351786;66.822639138603;57.3934187502886;51.544939459287;56.9023009720908;54.7434896708581;449.775;Libri_dev;m
Libri777;106.606631068595;539.314462750568;522.427223493213;518.978117503489;516.714570450274;526.445964522318;500.814855763891;3.98125779662239;64.0271227711444;68.0047230868745;57.5569260944227;50.0870286783524;50.4303528054247;47.8617548852684;483.6899375;Libri_dev;m
Libri7850;183.174459718423;558.398112567899;488.114564644038;539.334133267886;506.414502319881;545.657666434424;520.560527556288;4.08970843247166;63.2513788262827;68.0035167024545;60.0840448497591;50.4401386055745;48.3948945143794;45.8221735194448;413.315;Libri_dev;f
Libri7976;201.872988878471;545.649235358565;507.1972569803;535.959035326151;486.915519110136;484.358697348889;511.873533631346;4.21323558867123;62.8163551436753;68.2870576589985;58.9542469265434;52.7342901285638;43.8546908832987;39.7609886800273;391.625;Libri_dev;m
Libri8297;110.264705012154;535.535870602035;474.368991721149;530.308072620171;498.129475659824;523.934013754282;561.197633168713;3.71929068983597;67.2605951077379;65.4094216863363;54.8523334631846;49.9578262353737;52.0531947047666;53.5709576819199;415.3500625;Libri_dev;m
Libri84;214.674743147153;579.00913034678;499.75287881455;569.30563826142;522.321524480785;543.844625898038;524.268789878649;3.52624754695823;67.0067261403437;66.254745474803;52.7165500907974;47.0661677431671;46.4705944755952;46.4075572565648;387.759875;Libri_dev;f
Libri8842;188.136086781041;540.798111363465;509.754755218172;520.41292841067;510.759655148004;523.338267764544;495.981386087777;4.59606310060966;60.4523516620524;68.2579413410883;61.1393434641539;53.8901404328886;49.5764335524139;51.9022673483129;450.325;Libri_dev;f
LA_0001;97.0845787209731;538.90038834635;477.314188438236;518.59998632503;536.887720820805;520.463243183596;491.842267015517;4.21515884999735;64.7259034740088;67.5397997023337;58.0293035265709;51.3959105626114;49.8949409373899;50.5203558003082;203.0325;ASVsp2019LA;m
LA_0002;117.928180247468;532.215062295552;465.721760564045;537.388639237717;534.349016129865;503.987449283602;476.875819482136;4.36818801089918;65.420915667446;67.0941834210086;57.1417918573616;53.4346152124872;52.8146094922484;47.6109382012145;356.743375;ASVsp2019LA;m
LA_0003;106.509552453374;515.915780327129;452.056957464248;475.536310910839;498.443844982587;476.305837251592;553.906860315722;4.32676681299641;64.8880038528566;67.8221253488227;55.8406519759908;53.0810927862722;46.0230591228428;40.3083096821321;200.6348125;ASVsp2019LA;m
LA_0004;205.55410491266;559.113175031893;524.276559923495;550.685314602756;501.874965181843;537.729958614403;506.040777859283;4.61067474797452;63.8939693759578;67.5165439186017;60.9334524075294;53.7422537761926;50.0049730608972;42.9496425711919;413.098125;ASVsp2019LA;f
LA_0005;117.270343036849;532.416508177462;503.740007309861;525.372665608629;531.015709400826;496.045112285207;499.944582443423;4.04254721223022;65.084344741106;67.2362518353348;57.7276367329888;54.2434183373319;50.7136902088863;47.1959162702921;223.9585;ASVsp2019LA;m
LA_0006;187.296418832103;548.1371924834;508.361194289581;525.330065239557;504.041222755237;530.808083143565;498.811005569618;4.32377460324548;63.0554321320128;68.2174420976704;59.8684085879941;52.1358064057214;45.6515580861448;40.8071469798267;577.924125;ASVsp2019LA;f
LA_0007;103.509577938807;524.35227652771;457.327374113888;515.251476221482;528.924644508488;487.045498917416;471.130820884723;4.60564716144189;64.6101151553838;67.9051776835213;56.6502067990412;49.4725587368048;50.1374374204384;43.8318518632226;225.4109375;ASVsp2019LA;m
LA_0008;218.548716525128;577.469204066651;528.882698519311;614.163539878442;559.106901912861;551.866064834108;527.24740522751;3.74794857768052;67.1199477592866;66.0400573318103;55.8664597500237;51.6110782781917;46.3796653836661;45.0960856997724;438.7210625;ASVsp2019LA;f
LA_0009;174.625526662376;554.953774073108;484.921249976343;580.368934072304;555.520471400069;519.244244367778;506.246986154271;4.21501641346669;66.4714371978001;67.0729976123464;53.860182185694;49.6547193589673;46.2099076311259;41.2871521689262;554.3465;ASVsp2019LA;f
LA_0010;184.131228559052;557.674390241953;517.752075804798;553.182207986105;505.494698843138;515.627320500903;500.040361294767;4.18895888457111;63.3704364916437;68.1738081297686;58.9922645211079;53.0717274388985;49.1288225166308;41.186933828911;383.6921875;ASVsp2019LA;f
LA_0011;96.5884742673079;551.909938369411;477.827413618081;530.24802194113;539.54072208837;536.054277033506;529.741715856131;4.22439922061052;67.53033530068;65.8514803674153;53.4972618202498;48.0220008456238;46.8164725065823;44.5717157000828;218.800625;ASVsp2019LA;m
LA_0012;237.592008125936;574.267500209607;536.741887009355;574.483338411145;558.24643431714;547.762968040641;518.189640381923;4.54409058173962;59.9559671904123;68.0541935906502;62.3047001454359;56.6499931769644;49.6198126293234;44.9679836735328;488.238875;ASVsp2019LA;f
LA_0013;116.637169608213;522.32697580266;465.960501590469;521.203851224133;501.339124654956;481.738413929929;487.636960916361;4.20886690874702;65.0871106015517;67.245904324031;57.0942505886722;52.0540512903545;47.0952379475938;55.0140444372514;234.075375;ASVsp2019LA;m
LA_0014;232.363359859439;547.119685527881;521.178390086367;525.262988007275;516.646717598681;485.711046031855;486.195113358802;4.41388916474095;60.4470603911607;67.7821622549561;63.1308723111859;55.5276340874832;51.2908134169838;42.5798849234653;376.7511875;ASVsp2019LA;f
LA_0015;109.032903309397;518.468216720604;476.293123765672;494.651987930225;506.622216482342;475.028187859085;504.344776063176;3.89679313459801;66.0156419378517;67.0382885919261;56.8315044505983;51.0879374305539;46.0361697718357;43.180180804903;269.213625;ASVsp2019LA;m
LA_0016;210.870635745124;558.132181739655;536.510297124594;542.20520465459;531.158914771059;509.198818526611;507.878318993071;4.31630168264362;63.3168174379448;68.0793810092066;59.4733275396521;53.202780828121;48.9014508218942;44.5438988457126;340.1503125;ASVsp2019LA;f
LA_0017;188.29915852985;553.937125789276;520.455524437586;538.451439408406;531.58027100209;530.470695467688;521.576254590619;4.62096096376541;63.0341361965965;68.0991332836556;60.4058998730068;51.1479115006001;47.2355385233201;43.3239216111828;476.3325625;ASVsp2019LA;f
LA_0018;120.468827655418;534.437431336644;480.659907462596;525.216950279557;524.538629202617;519.05423441483;466.3585098368;4.18580844901628;66.2098273909989;66.560365703131;57.4049379086326;51.8282947852235;51.1671220373418;46.433416418602;222.0716875;ASVsp2019LA;m
LA_0019;212.275584809605;552.24942191543;468.088054186514;541.748396673739;493.120654624565;534.066494624665;489.105259289698;4.31341429754347;65.9224834922501;66.959489480178;58.1042320657806;47.6963902209268;43.8580879612871;38.2101724514361;409.846875;ASVsp2019LA;f
LA_0020;197.305464753796;564.737149253997;543.392394239066;576.382693906128;562.331246836862;557.344058161675;486.433533452952;4.3809154537501;62.4712095738084;67.6495451737391;61.8379344000347;56.5961114152745;52.3196725366026;41.4399468111832;622.185375;ASVsp2019LA;f
LA_0021;105.467640340965;514.00061745228;475.556877251174;516.592755774819;488.058684677027;465.715357611933;495.389957789854;4.60875331564987;61.5506022336486;68.5974048866001;57.7630527800972;55.4965938200282;50.49533385778;44.0523056859806;214.0684375;ASVsp2019LA;m
LA_0022;172.891927317726;536.031945021609;509.746619057907;543.86706676971;518.29073693149;489.812695705194;476.502111834232;4.42018985489064;63.7353587064136;67.9062982573137;60.8317528007344;49.9982987418836;44.0942768321822;39.2248246906065;726.895125;ASVsp2019LA;f
LA_0023;118.862829769906;532.7045714429;482.781227030681;541.873721602804;498.11799851837;514.358987478402;502.61189766243;4.8087974088392;65.2134456201965;67.7571837434114;55.8247773017427;47.5470487528306;47.5560794805633;44.9046880702979;206.772;ASVsp2019LA;m
LA_0024;192.072439938983;557.578443488995;512.830913466566;548.417502342087;521.94894705084;547.922398578705;490.510153997468;3.70936987273292;65.2569733014138;66.852604890578;61.0791277179927;53.5445999224555;50.0204525896653;42.6277093128679;558.0759375;ASVsp2019LA;f
LA_0025;121.577529193777;523.822507054205;464.682530832887;509.531499381841;513.921214739367;483.069674277483;468.966336172644;4.4529262086514;65.7919336477329;66.7061428945641;58.7752065586932;50.2684889671215;48.7279091458795;44.4856758308948;266.4185;ASVsp2019LA;m
LA_0026;201.41195624843;581.734734850813;486.083613002554;570.047362667875;539.039141082849;537.12572503987;497.717728820053;4.40075557409726;65.2600259063797;67.7897469735617;54.170475509723;49.8800506508151;49.6968898333646;44.34426573667;514.4371875;ASVsp2019LA;f
LA_0027;190.705294409718;556.784939570466;490.51547935069;554.604183643208;492.489806295815;500.25476005635;506.767442870336;3.72533022606615;66.8612214703983;66.5910596263175;55.8526245726024;48.566327668195;43.1859630469686;36.640519912983;549.060875;ASVsp2019LA;f
LA_0028;111.364419493494;527.877183154994;480.758563549808;509.569274645409;492.981046524073;500.671118656008;528.174949028425;4.3058557091497;64.4835886235447;67.9959307232102;55.0404162198624;47.8565804671453;47.7135707172829;46.8206609232613;241.278875;ASVsp2019LA;m
LA_0029;162.268482330272;537.192137625467;513.425987876782;540.180007215094;530.652005880494;506.560406310671;458.582253118105;4.38588190764572;64.6351472108113;66.5635579176236;62.7275071077962;56.3082134786707;48.4999471423265;41.1204122795157;493.0731875;ASVsp2019LA;f
LA_0030;84.1418330257017;555.981356988068;444.00562324923;514.248252533593;485.749351836156;504.293803189668;491.023865238175;3.98040567152422;68.0275562313566;65.10760845311;50.4205268316206;44.0501493975448;45.119930402612;47.155647989999;270.205;ASVsp2019LA;m
LA_0031;189.045561337674;552.126478231358;487.86201094242;524.78987810802;535.285221536356;497.844974392031;521.340386479072;4.50222832448007;66.4512738972804;67.0338967550057;54.7072541598419;46.2910019047993;48.1187242693351;42.7687232570918;487.2816875;ASVsp2019LA;f
LA_0032;97.5213745714034;539.062837347512;475.536795546615;529.914551470081;533.476499255248;520.298611996594;503.750122934223;3.75389228462692;67.4869486589745;65.5992200274143;53.9003251621716;48.9958306656951;49.7354229830147;50.071375208405;262.11275;ASVsp2019LA;m
LA_0033;209.765557604868;560.899052312995;516.632116133098;555.077490671942;526.20031192852;509.743776531672;511.858173520952;4.31974741676234;65.4056980350714;67.0532343216152;60.3815548911865;52.238985969178;46.4081377622352;38.1422379376337;409.005625;ASVsp2019LA;f
LA_0034;247.376163306977;547.96732164;513.695455126542;555.466561796414;532.778103273917;505.505484448359;472.714366339973;4.28755641521599;61.3584298880788;67.3071985974537;63.345195065513;56.9926254879073;53.0215333056017;39.5374854793309;475.03625;ASVsp2019LA;f
LA_0035;205.067263051506;581.174775845721;495.244675487181;598.947364449848;526.271525958607;553.62515896045;505.415683036291;4.43033076855046;65.5335741238021;67.5745558761862;56.292948260924;50.9448525716322;44.006951242429;44.725804895338;502.541125;ASVsp2019LA;f
LA_0036;122.803841984435;530.929976984256;439.919086637802;525.083385597511;508.90131899347;511.854672668891;458.165431585879;4.29981911365692;65.6612862663286;67.1328263564759;57.5314310179528;50.1677095877197;49.2766280706957;41.3810382873537;276.3426875;ASVsp2019LA;m
LA_0037;172.280437303236;562.809388759676;539.361025198283;562.034977152759;545.041060788414;543.882991827452;515.046735157517;4.65326147745183;61.1154922612059;68.2782915045033;61.176602245881;54.8966819039312;49.3188877377445;43.7608336990858;481.5669375;ASVsp2019LA;f
LA_0038;110.422718028408;524.787432112605;459.918052940313;540.564802447216;471.004210272057;473.223177959997;494.163013741243;4.79494798068032;66.3445109285389;67.2269086315166;53.2987508201331;43.6350814812345;42.343174399915;36.283598520805;362.8608125;ASVsp2019LA;m
LA_0039;209.035488557198;575.905526911627;531.531783624628;587.450642721936;512.597391249286;544.569795944349;504.961035014156;4.22608802439069;66.9354933064128;66.1519897205726;55.3413302276016;51.6222347125904;50.4860865502564;48.9702982038574;433.71525;ASVsp2019LA;f
LA_0040;82.0224975786504;525.26501711029;446.028410029357;526.530973050803;502.408928842235;488.929087333301;495.335445153856;3.39919624916276;65.9201057589314;66.9873496246308;55.7610315789532;50.1534640695974;49.472027354003;50.1265484284216;222.4636875;ASVsp2019LA;m
LA_0041;181.175840886662;561.757863937038;532.528972566592;548.512577746843;497.891767421228;513.819894851937;480.421278074701;4.39420373859187;65.1806392607905;67.875885405082;54.4649753516577;47.497112005413;49.0030251390713;47.1612053064384;399.5425625;ASVsp2019LA;f
LA_0042;181.912523250412;574.193835798969;458.750171324491;579.587529071977;528.100955290358;511.254515461216;499.693023751642;4.6293923344154;68.6566527999455;63.3949288618607;53.4222430809915;50.1147357135739;45.0895922069493;43.0072510133811;477.645625;ASVsp2019LA;f
LA_0043;252.471070280155;585.138471871454;573.417738321962;596.247780889977;536.90014535127;552.849837722282;516.442656418502;4.5482194204822;61.6166868763836;68.5153062214422;59.5481856776154;52.4055198894739;46.8993979156192;39.2796240108825;424.6305625;ASVsp2019LA;f
LA_0044;96.2516092394434;529.636088298528;485.480967775468;541.912362815297;528.685217472315;500.406159290724;479.75259162264;4.15911755302142;65.5842094076281;66.8019056493305;59.5309623737495;54.0104399578537;52.2937004404373;45.6934239784958;218.534625;ASVsp2019LA;m
LA_0045;198.450623843905;535.465402390828;513.47687843703;540.265430754932;552.492509249218;500.351061259717;504.387349080857;4.11333682257221;64.2247521110877;67.3680172036665;61.2204251031942;54.6674937411472;47.7844556399333;44.3935076624933;480.4521875;ASVsp2019LA;f
LA_0046;102.365022163413;524.697906327173;499.211385885526;529.17036280487;476.157312682352;492.842174452596;511.090649073419;3.91259275547353;64.8258872993893;67.3948338623652;59.5514763819506;52.3714350894066;47.2977499250416;45.3907580421983;246.9689375;ASVsp2019LA;m
LA_0047;182.551311888241;550.345047512602;489.866963327227;564.497705367279;532.940855541272;500.809937696847;482.09537629789;4.4568482862215;65.7530381615201;67.1906253795657;57.0062686487854;51.9219761937304;50.8792232596289;47.4916355603833;506.8080625;ASVsp2019LA;f
LA_0048;101.107495897283;532.019857268917;480.425124571474;527.335804644598;507.040603265981;512.257334767532;479.132919450204;3.86100433467419;66.5917615361815;66.8334237781219;53.6334407878941;49.2819667645451;49.1212179343004;47.4102101837119;241.39025;ASVsp2019LA;m
LA_0049;104.291359355063;534.393211730198;475.354560787091;529.301207733652;506.286629242088;505.860861970606;475.358259117676;4.32636044470451;66.6508832486116;66.2434049756159;57.0919113517913;51.4625029443573;50.7388151931369;47.0561582233303;264.9581875;ASVsp2019LA;m
LA_0050;176.067167982689;560.37275187758;487.083126574213;545.685266402414;517.878256584614;533.903199447086;517.810438872081;4.04251188974085;66.3468884833075;67.0739042654894;54.0216455546572;47.2737844763608;50.6341471928165;42.9986688106051;519.549875;ASVsp2019LA;f
LA_0051;187.033040329092;549.313567836899;492.722444891321;535.041011170634;502.366625452142;549.564322077399;485.498972646592;4.21841987323132;64.7262505067042;67.5461782623785;60.3291127240211;50.3637471004728;47.9076951261981;39.5015490344819;401.6310625;ASVsp2019LA;f
LA_0052;138.750495187572;544.69227805225;465.747294382072;546.332195202177;541.130043358544;531.832845887882;506.767502258776;4.16283608075273;63.8506554221277;68.0273660519415;57.0811364269452;52.563319866308;52.2250133348717;47.8707724333589;309.087375;ASVsp2019LA;m
LA_0053;183.548548731542;543.981911225847;496.576257667094;517.993297901809;538.821632318418;512.623213459388;496.686843270205;4.43102496513535;62.9459663364483;68.0792830611722;59.917165283913;54.1348302011142;49.8888765551622;46.5856124248452;372.2989375;ASVsp2019LA;f
LA_0054;152.172194317314;527.263198138313;454.500878706349;503.06841383302;494.741086659842;488.451451835944;486.1733590889;4.33222993770571;68.0076412084043;65.0515803955164;53.8519058403993;45.6823076351673;47.0851159054085;46.456503699233;281.1113125;ASVsp2019LA;m
LA_0055;162.661986861536;539.7214591241;515.33487303552;548.386265883237;516.500259702745;507.329809754075;480.967993618303;3.92999387254902;64.865846318074;67.6130299090932;59.3601543808711;50.5573279664066;45.8706955752581;39.6860154196585;377.61775;ASVsp2019LA;f
LA_0056;109.133432894682;533.081966491679;450.313132587574;545.906557671032;511.042570467709;504.771243973357;482.353365746195;4.08624332519988;65.6023984611777;67.0720209373673;55.5953747962392;51.512610763036;54.43757676836;51.7825805092891;303.148;ASVsp2019LA;m
LA_0057;107.859364459425;535.186614968501;450.706157846633;516.460234332593;523.001893117216;513.951892034123;544.313913584457;4.09522090895462;66.9485043784498;65.9339944956398;55.1560119661361;47.6644456889251;50.1459710588405;52.9137466868176;243.6455;ASVsp2019LA;m
LA_0058;200.736451426596;576.903029942676;554.488299300934;587.343960683943;525.72394405122;560.792408942779;539.393275648548;4.94073596079322;63.5701890788376;67.9106671867964;59.9238064899819;53.4686857826038;47.6294335264637;44.8813689585985;304.10775;ASVsp2019LA;f
LA_0059;93.6374702611047;528.893596029306;449.929271490515;508.597242746159;485.337161704048;512.855996570395;486.426001254809;3.60160272599076;67.4019345689758;65.7932213034267;56.7776821281132;46.9584574064852;45.6621325015061;40.1254016060074;353.303375;ASVsp2019LA;m
LA_0060;177.198292804133;556.126164336508;523.221815999329;548.933374553921;566.141499481341;515.008524965636;526.679257079288;4.67686417079208;65.1712305943201;67.5968314912894;57.4462787253265;50.8083809700769;47.5504859564586;46.3178178710934;287.237375;ASVsp2019LA;f
LA_0061;190.352634115816;569.163520590999;525.02041809858;561.946822831296;538.285901851347;534.997567236744;540.571884151637;4.4447036864209;65.1482557989138;67.3842648116245;58.1700298625422;52.3868332841655;50.303348499713;46.9904213270061;334.8994375;ASVsp2019LA;f
LA_0063;195.790557177157;570.990540311597;530.927679073544;576.681129092104;541.213959129487;523.724382491508;492.289840860499;4.30703167024896;64.8497810297109;67.845709933224;56.4656804794241;49.741063807361;50.933958104625;43.7865692570822;362.286875;ASVsp2019LA;f
LA_0064;105.349621295472;526.817685669755;474.928346885555;514.957046937511;497.615785830249;503.320406796944;558.592757319016;4.03706944554928;66.8387843863218;66.0576509374778;57.645924679554;49.678109939653;48.12081190599;45.0120455425373;287.815875;ASVsp2019LA;m
LA_0065;88.7260242317042;534.867177733572;483.316355645312;540.551578078076;529.104069832637;493.80233720574;504.411794599726;3.63124698343115;67.3895185733733;65.6299761750839;56.1010779585984;48.3179292064913;47.4095577842642;49.5321843615677;370.2505;ASVsp2019LA;m
LA_0066;197.220308352549;556.025928894999;500.656058205483;533.771785723413;523.037230710956;522.374018837354;504.402884433467;4.27151484650226;66.6037709197757;66.8405877798184;55.6999312716656;47.4641850170257;44.9828023623029;40.6762561775798;463.05275;ASVsp2019LA;f
LA_0067;205.391073919169;579.963663063811;520.695232026563;586.93132396224;523.620364119674;552.542122671036;517.043857613395;4.07231175326479;66.2616672438865;66.7730738618126;56.6086145993491;51.5179411446234;48.1846499919645;42.0444585348332;410.030375;ASVsp2019LA;f
LA_0068;92.818082685885;540.436403978557;504.658581675061;524.807460306796;522.534630743736;524.641402959679;528.925770888622;4.01422117587172;64.9008346305426;67.7331347775488;56.997694998651;50.9874266104886;48.2738921751879;48.382045239777;540.4321875;ASVsp2019LA;m
LA_0069;209.418243182739;560.875110759398;515.223852524667;578.90017246422;517.942092199781;519.683835266371;499.272122123185;4.0350827901401;64.0882238591038;67.764751681914;59.8903592960784;53.4105539574053;48.3069907319842;39.8939502977422;616.8701875;ASVsp2019LA;f
LA_0070;125.416092623744;526.012971970853;502.357798586446;518.251343391919;511.1201136982;484.096609367086;488.763308493768;4.66313250308538;64.4956056936956;67.6128505827924;57.9964997830659;53.2901303272383;49.9104877804554;50.7532085711257;502.364875;ASVsp2019LA;m
LA_0071;116.894156431298;527.651680030679;468.884268151827;523.286870225464;521.169880045764;491.82269388522;462.244171621276;4.09351829705812;65.8373894223103;66.81819551929;57.402199667289;53.350560755621;53.4371812931964;45.5775904210705;440.1558125;ASVsp2019LA;m
LA_0072;226.376668039168;547.88020326053;492.712211689212;547.979075191442;514.205683446424;517.900082526772;519.580851061207;4.38412649186049;64.6218993174693;67.5812255510527;57.8759836683239;51.6682656473008;47.9291986273437;44.7469343125504;477.325625;ASVsp2019LA;f
LA_0073;128.638393162131;530.115801927599;480.938034711684;516.266735797822;529.006844587938;504.097099773876;538.859864135261;4.26609426254305;65.2285475032035;67.3148525022057;57.0747225828943;50.4710264544014;47.5482968454879;45.4116986832599;462.239375;ASVsp2019LA;m
LA_0074;210.30559441563;550.05917117325;473.058632561505;530.823544393179;491.826359105978;515.713919338695;495.346624367677;4.00084369083876;67.703465897468;65.5669963757794;55.1803401229903;45.5573559050931;44.3468085577586;38.1076444248501;539.8571875;ASVsp2019LA;f
LA_0075;161.129210210572;552.200929758946;511.347285916738;549.773768447977;533.639388887328;507.846482241018;486.753310313713;3.98793565683646;66.0529410143797;66.7901135368104;57.5771079031489;52.2255436089232;47.2893759866119;45.76831174984;518.88575;ASVsp2019LA;f
LA_0076;117.094071760373;538.72823387643;429.684522597573;520.996914661432;502.32072790581;528.960172159248;481.000315254198;4.32953570407093;66.6239626845781;66.7224580136071;54.5639088878514;45.2737356634573;49.6400274275343;44.0154285607677;443.46025;ASVsp2019LA;m
LA_0077;211.199843962625;578.402217019295;563.440493851091;606.544877363334;553.603936468341;520.979835152011;489.864032019588;4.436379394399;65.7470810751153;66.7766518924583;59.0043046545042;53.6794591000833;50.2522762744523;47.2251939906907;398.994375;ASVsp2019LA;f
LA_0078;243.44418737554;548.372724652366;514.915142310458;532.628344659398;529.481760088367;503.428473759453;477.064322349778;4.30942184154175;60.9473363563049;68.2160424913224;61.605578602002;52.6567273939552;49.2875579665604;42.7362473351714;582.47475;ASVsp2019LA;f
LA_0079;211.508321638302;569.674667863975;551.405860402204;584.092386347695;572.093440706105;549.199767441519;509.46947362789;3.97210899453571;60.241176590839;68.0805596559941;61.8050266755434;56.0928517990927;53.0920310699979;44.9720358426748;429.5091875;ASVsp2019LA;f
LA_0080;203.348778868968;564.551173775414;533.071883210671;567.174895411975;561.072634468727;549.92678342914;493.978442888963;5.05514705882353;64.0757030289715;67.7788912469356;59.6367891740732;51.923459624593;48.5446027377122;40.9076244180644;350.6946875;ASVsp2019LA;f
LA_0081;189.181232162685;553.857101333829;508.931048597527;558.087038711531;523.917659435868;540.939314551957;493.369134536142;4.19223296006545;65.374744729748;67.275959288663;58.6447145038698;53.7316315429232;49.8749300684796;42.1296269311652;439.1545625;ASVsp2019LA;f
LA_0082;117.294425405878;537.612938625229;471.474045802619;529.946686637804;528.932090495567;520.243898803961;482.609664862559;4.28237321516494;64.7891521542144;67.8295504956073;56.0446176341169;48.8838735898508;51.9350916575882;45.5129162423251;444.4805625;ASVsp2019LA;m
LA_0083;120.950939219246;518.967799549526;467.639608695715;522.894022025471;505.82781198877;466.88574476852;513.760090791032;4.02302982989563;64.1009064957536;67.9675958355075;57.931973411581;51.4927446175413;47.5288584463152;42.4847334233315;493.5938125;ASVsp2019LA;m
LA_0084;213.912522394221;559.831309573949;508.315645954141;555.067609105282;568.943717629335;534.392776097753;495.872173238589;4.29784403049028;64.8343865920359;67.7007364618636;57.6378248479866;50.3825950309582;47.3707525273009;41.2795182104818;549.412625;ASVsp2019LA;f
LA_0085;206.399652237646;556.891772843922;490.561268008918;534.01836319137;526.025810838185;512.306560568485;524.638513291236;4.95853217176471;63.9602329343075;68.3244798698581;55.3950673527416;46.9354785649665;44.5277015657085;45.5412350495474;458.1223125;ASVsp2019LA;f
LA_0086;179.785079805449;566.439192178808;536.382346147748;554.072280485408;534.923800572947;512.622210555681;509.634923142888;4.49488938948333;66.9507371154101;66.4967628393306;54.7916388158265;49.1274889307658;45.9509643415102;41.6177146669582;379.3261875;ASVsp2019LA;f
LA_0087;185.426362139067;570.810765912291;534.961824499922;573.99094172671;547.105502919061;540.17364417413;478.15025954928;4.04606705796291;66.4533907308116;66.8271304076602;56.14069037628;50.9887886132675;48.8937223759825;45.6207024503707;343.2286875;ASVsp2019LA;f
LA_0088;189.403187454902;545.025294174463;495.467733482605;539.979489600594;497.726459065393;512.458889380405;517.868967941069;3.84167163531899;64.315052383973;67.9082606312045;58.3510990297573;50.9787838211195;45.3986384995494;42.0962724833799;438.0238125;ASVsp2019LA;f
LA_0089;148.631205913601;539.819082440896;457.973748173317;533.023989827022;535.394758057423;507.862440254588;543.10839481453;4.60522525213211;66.3271383861927;66.9787927933938;55.6492691071577;50.2631226792706;44.5827344055721;42.7974967602107;453.044;ASVsp2019LA;m
LA_0090;221.888713182166;572.7369622814;513.914087523891;560.454622412843;512.577100346613;538.848109434992;533.410948851504;4.16183070115206;66.0929770442378;66.6779200764798;55.3413550703468;50.8843370701575;47.5583179557449;44.7311778590864;453.3474375;ASVsp2019LA;f
LA_0091;237.545177313924;569.265581337187;548.600817483998;561.27588996492;516.99330292465;529.415880084072;533.459559946227;3.75492628813312;66.3710876828765;65.4976273388724;60.3234334454905;54.1882234721253;51.5194023738692;46.1963177656416;412.9770625;ASVsp2019LA;f
LA_0092;139.210204935101;531.455547998344;504.3046006848;514.085294198839;526.12507847967;506.593826872837;529.622933022439;4.43917249355975;63.6469152909473;67.9054075158773;59.047209968984;51.6646901145365;50.8617974020852;45.1510594920451;437.2671875;ASVsp2019LA;m
LA_0093;104.278069232581;518.567938064798;468.391852541425;513.428120968614;500.955091861032;474.069424209629;453.5246179076;4.44596338166626;63.4755309962154;67.7442415253937;60.2632282709955;54.6584557494873;50.4967848128497;46.6533394606404;421.353125;ASVsp2019LA;m
LA_0094;120.449988273047;534.482606737429;505.657303656473;524.855197873584;495.196941591129;523.288974921217;502.067000049814;4.23845307917889;65.1167028868675;67.0784084906262;59.4083533165618;51.2659313700384;50.964065756518;50.1088980167754;358.85875;ASVsp2019LA;m
LA_0095;102.517805261663;527.170307356892;432.62856922449;500.474517519065;520.588967861657;496.423045842025;485.99247019173;3.7887481106439;68.5091856557671;64.0406539392238;52.847392935821;46.6977350523308;46.6754548708174;41.8333547643761;392.337375;ASVsp2019LA;m
LA_0096;89.9080729280223;523.611726872408;490.149572148949;514.483941452206;529.670228964438;480.79537095972;468.664305582865;3.98274548186534;66.9856716622229;65.9034396443458;58.3397047767391;51.8943820665979;48.7289161747963;38.771145486181;424.0614375;ASVsp2019LA;m
LA_0097;189.784228469692;544.703762902233;463.049636390283;531.559391801763;525.843424566052;469.520599213526;516.867388777447;3.56861120971877;67.366598656165;65.9312627033333;56.3118298725567;47.457026537997;43.839107267536;40.0664657527264;659.548375;ASVsp2019LA;f
LA_0098;229.57008121614;565.644443219885;519.563716588838;558.762289354385;542.414417972779;526.851012351829;523.741618491048;4.65331381421347;64.0814832673005;67.8533191617125;58.1317568395091;51.6255475896228;49.3993528156134;45.5132336688854;404.64625;ASVsp2019LA;f
LA_0099;84.8107382004373;532.997443854125;493.243574900426;523.749097748127;525.1473574469;492.522700851473;551.45370807414;3.50853427255486;66.2492697535578;67.0620089660355;53.4713913304145;49.7132256196272;47.9528844673585;48.4040075497198;220.3498125;ASVsp2019LA;m
LA_0100;118.698360925318;521.215670634808;486.141677239514;521.952905791747;498.784215458947;483.680504644998;453.634598854422;3.75711329539576;64.7424129790158;67.3247290666212;59.7737209526374;51.8756577736423;49.9838296013239;44.008740454993;239.51775;ASVsp2019LA;m
LA_0101;100.075480318208;528.657570552497;462.719450397705;515.981153457312;522.021016881939;507.447267033549;447.549554098672;3.82327492969933;65.8983490829103;67.1694360411322;56.3883376256665;49.290167998635;49.740080125352;42.3623537968715;221.814875;ASVsp2019LA;m
LA_0102;251.404571975229;560.296556779361;534.425392302669;568.124250764853;547.063947909612;525.998886839604;488.762580552194;4.39632704281094;63.2389730464368;67.4306875379322;61.8755185500633;54.0874631940906;50.3320601710201;42.1460511554773;607.131125;ASVsp2019LA;f
LA_0103;207.351744529902;561.486282994486;509.245523152287;568.145361923977;533.005658445121;511.627450295233;503.720722684944;4.81937926559169;65.5236050773216;67.5047691084092;56.8800527131;49.7236549200026;44.851961687613;38.5059909792841;319.84725;ASVsp2019LA;f
LA_0104;200.804309469997;562.685960820419;515.231895389793;559.955354030368;499.578021285177;506.050044402891;503.264331381692;3.94438904815323;63.4738814485274;68.4673794917473;56.0297770482757;48.9512164298409;48.5537642080012;43.1932308171432;539.992875;ASVsp2019LA;f
LA_0105;97.6858293784214;526.896840730709;469.060093399442;508.785238292186;453.947995334051;502.099815568787;555.057298266152;4.19285861500412;67.140047140364;66.352681746399;54.5472765465108;44.3756598874378;43.6236588998403;44.526293127893;246.6124375;ASVsp2019LA;m
LA_0106;222.055840807771;577.203633246739;528.231721297812;575.424950345374;463.572049336099;536.798677044769;516.460280290616;4.12429915423358;67.1822208862444;66.0399089294348;56.5384544688304;48.1735667543507;46.0362001645465;40.5235307617339;578.8071875;ASVsp2019LA;f
LA_0107;191.777856493075;553.848460774199;456.495402443956;548.033314329713;522.996280556524;542.863874130329;513.340171503984;3.42533454987834;68.0155088749844;65.0106243455229;52.3966589134917;48.1548859278358;48.0640582747828;48.3005463524166;495.7826875;ASVsp2019LA;f
LA_0108;183.054054785647;547.728904994073;498.075206647261;534.562591864452;526.25014384936;521.093394169605;490.363489482238;4.12177285030189;63.2511249046827;68.1079272976269;60.3288823409638;52.103626708803;47.8529037409197;37.8320435974335;486.8103125;ASVsp2019LA;f
afo;91.4554018518128;529.470776767313;478.184533309296;501.811010391694;507.463223965402;494.669292975054;568.529387795756;4.35561191783494;67.5514099972397;65.7530687547252;54.0417766650103;48.1505241859395;43.268711960384;43.1931878810157;530.16;TreasurePABC;m
apr;118.298227244896;565.826417825817;570.754992281694;547.784460084623;526.017490488761;544.624408500027;499.663896657391;3.31538939079722;62.1016708392754;66.737355944936;60.8446089943185;56.7545916176166;58.795373108341;54.7152362223025;515.79977324263;TreasurePABC;m
cve;114.753063995538;534.343347291097;493.147336496758;522.541707602325;526.24600700396;512.080768596543;511.707795596434;3.73862653698438;65.8935888281902;66.3139017137745;57.242817323187;54.4736010930282;52.8893338200467;51.6711874605891;527.079818594104;TreasurePABC;m
gma;92.8402646114444;535.170059960471;475.85311858586;526.349612168336;528.88471596477;492.654698728779;537.798851277208;3.38628902373014;68.0735742337545;64.6096798463674;51.7556798223729;52.3234609827767;49.7101091042494;43.280913864106;553.210113378685;TreasurePABC;m
hmc;92.0489040197147;549.462447327141;446.989974007863;532.972556091858;529.657827778235;508.436338333137;558.653883632701;3.77917628563868;68.149180576346;64.253803501311;54.8763542336033;49.9298651207847;42.922801891946;46.8153973952281;672.640181405896;TreasurePABC;m
iva;112.633897564637;527.864061952591;507.245325488611;526.876580124594;509.274908786161;488.406621367809;494.659139223045;4.02931474638429;63.9036627918746;66.7345993127565;58.1034780307009;55.4914405665572;59.0263766735122;56.4662365135512;586.080090702948;TreasurePABC;m
jsu;188.804036942785;544.797422260517;484.718526416745;516.732963269603;502.021966392527;532.112338521315;505.481201935946;3.57198833841282;61.7755499587293;68.8924959704021;57.0375078747544;46.7402704254376;41.531088994127;38.2406610277994;591.390158730159;TreasurePABC;f
kmq;173.800802485244;546.275703563228;502.839975411697;535.202715629419;493.472919479353;521.981109902908;497.954918659005;3.67507394600984;65.3075305856134;67.255079066592;58.7187924206029;48.5479852871359;47.3433634757507;46.2385236970071;433.489841269841;TreasurePABC;f
ksh;175.614650645055;556.291399313286;527.632703484064;539.526739636247;519.780381624641;525.477871871826;543.263158621362;4.16686697935477;60.6685111525246;68.8314555921111;58.1422546064219;52.5225959014547;44.7928110593235;46.2920945046388;497.099682539683;TreasurePABC;f
ksh2;191.078492806964;557.649639494455;534.663285813884;532.683765458424;526.43153047388;543.671234362706;542.413801674469;3.64287234882519;61.2562334598334;68.4166032686555;60.353231055365;50.6183437144973;49.0219550276741;48.2744526072307;571.819954648526;TreasurePABC;f
mbr;102.599354680587;527.132832856362;486.483357737381;514.169758564093;517.117386720304;501.528139035113;471.528108326054;4.12732492746107;63.6090213314995;68.1668903503953;57.6995202432756;52.1358181341436;49.5850833823185;44.657281971266;572.819501133787;TreasurePABC;m
mdw;149.9563716118;547.78234664606;503.172038945901;519.636408327361;497.811448140237;545.66050033176;533.338812624778;3.66230506569604;62.688075079539;68.7136804165987;56.4040761050532;44.6934608782185;43.9832269151471;39.7467672989947;536.409931972789;TreasurePABC;m
mjd;187.293368540472;565.717286885661;459.277701603176;556.093924681179;537.439556573597;541.130707543078;510.209731647371;3.71900906300818;64.9909632154508;67.6968177210027;57.1692842213532;51.1889540563899;46.0597741079521;41.96756984092;517.740136054422;TreasurePABC;f
msm;127.725016667389;531.477194621075;503.013073077167;522.351198858833;531.985329277284;501.727127465211;532.020838587228;3.71361216397189;63.1724420330275;68.114612461973;57.9482321572946;52.0786056051157;51.2658037616462;49.4627668452827;524.37052154195;TreasurePABC;m
nfo;108.940429998247;533.135001859331;506.729945819086;513.100931922512;501.622727843107;514.706841973261;504.715019230237;3.90741421880124;62.2463078916872;68.6269781999846;57.403330940616;48.5917637317503;46.8140760127275;43.1734164595843;524.689387755102;TreasurePABC;m
rph;128.578143973917;541.368090711119;498.146273515599;525.94609302414;547.592700239306;511.876170050679;520.130859977764;3.65270223280358;62.5441659305401;67.2199613490817;61.2139224246612;58.3309792460257;55.737889718155;48.2066238471401;536.980090702948;TreasurePABC;m
F20N;192.52916645559;564.651627406627;449.049136911042;529.364874905629;550.120186209687;557.269809273068;554.875916360237;3.90116561437591;66.2337275304981;66.976287891684;56.7790928273956;50.7228045573028;45.7641416859751;46.5483613606037;197.196462585034;IFAcorpus;f
F24I;223.438963302549;551.150817297381;466.313592621869;523.2197551998;526.540907360194;544.883272429288;501.490757767218;3.70775376411814;65.5273748775546;67.4490198585996;56.3624341557218;47.8296321888687;44.8681081294327;44.5200385800155;131.456167800454;IFAcorpus;f
F28G;211.165260812343;564.631230946602;450.286790672704;531.264257804589;544.284016863042;545.272931144992;514.854389687031;4.25107048748353;66.3322607665498;67.040625849496;54.7791783854897;46.9439985160332;42.5947671243576;40.8061080345361;108.598639455782;IFAcorpus;f
F40L;190.908201083431;591.779029955191;443.823741728319;469.074477738123;599.141540138335;559.928995323058;502.292088812815;3.5637490513534;66.531751404694;66.9029962326209;56.3346560866327;47.140213505411;42.5298300040236;38.994727997261;219.673083900227;IFAcorpus;f
F60E;197.881180110575;553.090067146933;467.605576078031;517.655837996834;515.253016687889;544.694536487025;541.181962336019;3.98654708520179;65.7645857129084;67.2456296296976;57.0659767984736;50.02510514881;46.3978874516948;42.7604821154048;104.651678004535;IFAcorpus;f
M15R;109.319617683247;537.432231301707;466.637672479833;512.345415323977;509.18569626583;516.822491545265;479.542830051038;4.00889121338912;67.4635463904303;65.2626944403346;57.6157377935535;46.9750606763849;47.3764321002259;42.3379676897866;192.466961451247;IFAcorpus;m
M40K;109.048116182541;546.149470548359;413.046174502979;533.75207901413;506.293129120629;513.876831920084;513.452029071682;4.0458611769778;66.3321568158185;66.8916719622605;52.9977892223046;47.0908940437816;47.3006976220695;45.2212794448091;189.40612244898;IFAcorpus;m
M56H;121.741360261603;522.017666491377;479.003752877221;502.866469361494;475.863877000489;471.490737484922;483.853236751556;3.9703182374541;65.3915280933578;67.1180731619724;57.2544977385745;51.1387440498591;48.6696245636292;45.5690632835039;210.494943310658;IFAcorpus;m
M58D;109.049680171431;533.804496209773;479.062064976257;510.753676167568;470.980438933684;521.69743384327;482.312454685039;3.78946802115646;65.5087452610547;67.1132740356293;59.7656578511907;49.300824647499;44.9573328420302;36.2624189559063;62.7059637188209;IFAcorpus;m
M66O;148.36578149895;538.490736984626;451.752788976557;533.355041077919;493.451363000564;514.451612809937;557.373160804504;3.48863322277501;66.7224796215919;66.8847848041737;52.4280486181654;47.4971750849644;45.8372793705374;39.3428604882745;257.944399092971;IFAcorpus;m
Female03;194.5790860745232;559.3343863581894;538.7995788885614;549.6216766837788;518.2448137209033;566.488282348696;505.496670688002;3.0562053385458405;65.1234611866407;67.06962512695188;60.44610584769068;55.01933617613257;48.61208280492046;44.15549269543561;799.8746258503402;OCSC20;f
Female01;171.21681440430473;567.2529302389457;544.7969727838127;560.3382156611725;553.2408050363304;494.1073899730424;530.0377481494899;3.0712017382583956;65.87839143719867;67.47591067167023;51.199566774261704;48.70386846851468;41.70775335247748;40.87230105273947;295.3926530612245;OCSC20;f
Female04;167.62256216876713;549.9908411190137;510.5368417744743;534.4461633764543;531.4217416601638;527.3493573467225;527.8773989028178;4.113425841174536;62.816492850402895;68.67484391134128;54.66280769825096;50.747993242839094;49.025721928240166;44.265819182697896;367.3077551020408;OCSC20;f
Female05;166.3037288712019;568.2860228470338;540.7788676023742;568.2693795439827;529.0122826178637;566.1134567997615;510.5179400553178;3.3637478999027333;62.44730026709839;68.58518450210872;56.61283310240802;50.40967447256405;50.43403934687597;48.18223105997948;764.7674829931973;OCSC20;f
Male01;117.09223783552008;545.6362089273129;506.5081077164233;518.730755959684;471.6827998236575;527.1748125474406;514.9084657461167;3.11288394283735;68.2426420379639;63.41626666607985;56.180235374048955;47.25261045582926;47.30672557876546;45.95372514981481;1353.1485941043084;OCSC20;m
F01.dys;247.37079598123788;573.4982263969257;502.8032981747673;529.5071359889424;516.8250568613291;560.3173217508702;559.3079326265371;2.580725699067912;65.68284176754318;67.52397699443858;53.814603812179264;41.63952037369196;41.356041868774646;38.417637490194664;363.338125;TORGO;f
F03.dys;204.04870019951971;553.577119942414;527.5657412811274;523.0283719428526;458.7833726158102;545.701700031164;533.2409608920791;3.806647384930605;64.25294091166327;68.05992238276846;57.807461027460086;46.84975336390402;43.497535941583195;42.05710724902039;1714.7271250000001;TORGO;f
F04.dys;222.24844672075955;552.3815849108478;528.393014063083;530.0350586244197;516.9537869754906;533.4987264910262;527.3366965758727;3.4490570312057525;65.22793077565579;67.35535102831645;58.69073731170517;52.212474674490075;45.96714107824834;41.214661100925525;1401.4564375;TORGO;f
M01.dys;161.4359799797479;510.64178114495655;435.98879382423377;505.2231930025767;475.2730636797778;446.13132333363177;545.1342089402707;2.403567212852379;63.78309983606508;68.34229267728385;56.740615414799;51.655813279145086;44.75047464655644;40.09382271842096;1545.8810625;TORGO;m
M02.dys;143.25279057961507;529.5997124952634;491.12376346033216;503.3324150881679;477.9662993123958;483.72943155203393;537.8120165915739;2.514851379361924;65.51124622234026;67.76790206582955;53.727918266531354;45.09310474389164;39.091721302694125;36.866920537346665;1610.8203125;TORGO;m
M03.dys;141.32514560682762;525.2063511169088;496.54538502700467;511.0327520999035;495.6094519866697;498.8267936953117;477.4175138890957;3.093302413282784;62.318873399021165;68.5984272647615;57.15049820723182;49.59323523526062;46.84700310576584;44.10502255336779;1394.8113125;TORGO;m
M04.dys;184.08770947686082;562.2573285320942;528.8202134175973;542.7069689751635;527.7640463133667;561.5811358544454;542.7357198136916;2.9865475843880036;65.08745953391288;67.77313873681065;57.03115101991745;48.55679284867826;45.78788781012822;43.42346961884374;2026.904125;TORGO;m
M05.dys;120.75755234190348;529.7104175020696;455.21511603549544;557.0003224757417;507.1457131747311;462.4846212908865;552.1630964323159;2.1633685578574435;64.97133052904908;67.61481114860977;54.84445537287101;51.8056175323361;45.54837627562519;42.426225977564364;2374.82575;TORGO;m
FC01.ctrl;182.3814733949157;565.7165280210819;532.6113100049865;533.716820672791;467.08335165257597;537.3380709209172;551.0163778771711;2.960959711531797;64.4130148674647;68.23037983248553;56.11846933094479;47.95192991947002;42.20084242357257;41.297019727665294;625.15675;TORGO;f
FC02.ctrl;192.91990119560396;561.1879355795129;542.3413409482962;543.5692234500924;488.71368609274543;512.5085834804822;533.422779862711;3.7970332656634187;64.30636071378285;68.01566966750411;58.411603170099994;50.284371923710864;43.940910296104995;37.97777867133744;3702.0964375;TORGO;f
FC03.ctrl;224.18402747382157;573.8048609342062;547.3967382885237;568.1142999982402;520.2311338896997;551.065162362148;525.5641845454576;3.3464329231478622;65.7209776918563;67.41041852632546;56.11602330071507;48.423478160833035;45.37078942822703;43.58264700497792;2646.527875;TORGO;f
MC01.ctrl;116.87244442907603;549.7348175679155;436.4789419247248;510.73151092004633;496.36900294915984;524.1704696480284;545.2026419599425;3.157443227766474;67.72774473121427;65.35573186893905;54.0080152715212;43.34155667557643;37.847733932154945;36.46897110099546;3332.3809375;TORGO;m
MC02.ctrl;94.96836233282505;533.1783837505307;472.59484757655457;504.65435283200776;490.61879823905565;505.6788342925919;547.7539333578725;2.780054596521877;67.3225016915428;65.76999943390133;57.374115493972695;46.91768139091785;41.920806979844755;37.56420574087972;1594.533875;TORGO;m
MC03.ctrl;99.7813463824194;540.6828484416426;489.5940617024236;521.7823682035604;532.6857652028027;521.8661067610111;537.3873989166618;1.760488894112119;67.68877081101934;65.66498981863663;53.13557447097768;47.51107909056464;43.720029159558024;42.435397945349806;1852.7008125;TORGO;m
MC04.ctrl;153.25072040417524;532.4104029127598;498.12505464254264;527.735676153139;505.79564125357354;489.67065633627277;547.1002812324447;3.2009127497484515;63.433345938466886;68.4973779128344;55.46222014998647;49.48539482958633;45.981161265345456;44.547573263063995;2189.99625;TORGO;m
